service_code,service_name,service_name_en,category,sector_code,subsector_code,short_description,target_customer,customer_problems,use_cases,technologies,lifecycle_status,verification_status,data_classification,source_ref,active
S0269,Đánh giá độ phản xạ mặt đất cho nghiên cứu khí hậu,Evaluating ground reflectance for climate research,"Dịch vụ kỹ thuật đo đạc, viễn thám và lập bản đồ số",D009,D009-04,"Dịch vụ đo và lập bản đồ albedo bề mặt bằng UAV camera đa phổ kết hợp điểm đo albedometer mặt đất, phục vụ nghiên cứu khí hậu và phân tích cân bằng năng lượng bề mặt.","Viện và trung tâm nghiên cứu khí tượng, thủy văn, môi trường và biến đổi khí hậu; cơ quan quản lý nhà nước về viễn thám và tài nguyên môi trường; chủ dự án và đơn vị tư vấn thuộc diện đo đạc, báo cáo, thẩm định hoặc tham gia cơ chế tín chỉ carbon; trường đại học và nhóm nghiên cứu viễn thám, địa lý, môi trường; đơn vị nghiên cứu vi khí hậu đô thị và quy hoạch đô thị",Thiếu dữ liệu albedo bề mặt độ phân giải cao tại khu vực nghiên cứu; sản phẩm albedo vệ tinh ở độ phân giải 500 m và phụ thuộc điều kiện mây; đo tại mặt đất chính xác theo điểm nhưng khó mở rộng không gian; thiếu số liệu albedo thực địa cho hồ sơ MRV và tín chỉ carbon,"Lập bản đồ và giám sát albedo bề mặt; đối chiếu và kiểm chứng sản phẩm albedo vệ tinh; nghiên cứu cân bằng năng lượng bề mặt; nghiên cứu vi khí hậu và đảo nhiệt đô thị; theo dõi thay đổi lớp phủ đất trống, cây xanh, bê tông, nhựa đường, mái và nước; nghiên cứu nông nghiệp và sinh thái cần dữ liệu phổ; theo dõi thay đổi bề mặt theo thời gian cho nghiên cứu khí hậu dài hạn",UAV camera đa phổ; cảm biến bức xạ tới; albedometer mặt đất; tấm chuẩn phản xạ; chuyển đổi Narrow-to-Broadband,DRAFT,VERIFIED,INTERNAL,S0269/03/01_SERVICE_MASTER;02_DISCOVERY_TAGS;S0269/02/header,TRUE
S0270,Dự báo và cảnh báo hạn hán bằng UAV cảm biến độ ẩm đất + AI phân tích xu hướng khô hạn,AI-based drought early warning via UAV soil moisture sensors and temporal data analysis,Giám sát viễn thám & Phân tích dữ liệu AI (Data & AI Analytics / Remote Sensing Survey),D009,D009-04,"Dịch vụ tích hợp cảm biến đo độ ẩm đất in-situ và UAV viễn thám đa phổ/nhiệt với dữ liệu thời tiết và thuật toán AI nhằm lập bản đồ phân bố độ ẩm đất độ phân giải cao, nhận diện bất thường khô hạn và phát cảnh báo sớm hạn hán theo thời gian phục vụ nông nghiệp và quản lý tài nguyên nước.","Cơ quan quản lý nông nghiệp và tài nguyên nước; Viện/trường nghiên cứu khí hậu, thủy văn; Ban quản lý trang trại/vùng sản xuất lớn; Dự án biến đổi khí hậu; Doanh nghiệp nông nghiệp số",Khó phát hiện sớm vùng thiếu nước cục bộ; Thiếu công cụ theo dõi diễn biến độ ẩm theo không gian và thời gian; Thiếu căn cứ định lượng để điều tiết nước và ra quyết định ứng phó; Sai số lớn khi mở rộng quy mô từ điểm đo đơn lẻ,Cảnh báo khô hạn theo ruộng/vùng; Lập bản đồ độ ẩm đất sau mưa/tưới; Theo dõi stress nước của cây trồng; Dự báo nguy cơ hạn hán 1–4 tuần; Điều tiết nước và lập lịch tưới chính xác; Đánh giá rủi ro suy giảm năng suất cây trồng do hạn,"UAV (Multispectral/Thermal/RGB), Cảm biến in-situ độ ẩm đất (VWC/EC/Nhiệt độ), AI/Machine Learning (Random Forest, XGBoost, LSTM/Transformer), Viễn thám vệ tinh & GIS",DRAFT,VERIFIED,INTERNAL,S0270/03/01_SERVICE_MASTER;02_DISCOVERY_TAGS;S0270/02/header,TRUE
S0271,Đo hiệu quả giảm phát thải CO₂,Measuring CO₂ emission reduction efficiency,"Measurement, Reporting & Verification (MRV) & Emission Monitoring",D009,D009-04,"Dịch vụ sử dụng UAV mang cảm biến CH₄, cảm biến gió và GNSS/RTK để lập bản đồ phát tán methane tại bãi chôn lấp, đo trước–sau biện pháp khắc phục và quy đổi lượng CH₄ giảm sang CO₂e khi đủ điều kiện định lượng.",Chủ và đơn vị vận hành bãi chôn lấp chất thải rắn; Công ty môi trường đô thị (URENCO); Đơn vị xử lý chất thải; Doanh nghiệp phát triển dự án thu hồi khí bãi rác và phát điện; Đơn vị tư vấn carbon & tổ chức thẩm định KNK độc lập; Cơ quan quản lý môi trường địa phương.,"Nguồn methane phân tán trên diện rộng không có ống dẫn cố định; Khảo sát mặt đất theo Method 21 chỉ đo điểm, tần suất theo quý, đi bộ chậm và dễ sai sót; Không định vị được rò rỉ để ưu tiên sửa chữa; Thiếu bằng chứng trước–sau chứng minh hiệu quả đầu tư can thiệp; Số liệu tự khai không đủ căn cứ khi báo cáo kiểm kê KNK hoặc thẩm định bên thứ ba.","Khảo sát nền trước can thiệp (Baseline survey); Định vị điểm phát thải cao (Hotspot detection quanh bạt phủ, giếng thu, đường ống); Bay xác nhận sau khắc phục (Before-After verification); Ước tính hiệu suất thu gom thực tế của hệ thống giếng thu (so với lượng thoát bề mặt); Kiểm tra tính hợp lý của hệ số mặc định đang khai kiểm kê; Điều tra bất thường sau sự kiện vận hành hoặc khiếu nại mùi hôi.",UAV mang cảm biến CH₄ (laser/optical); cảm biến gió/trạm khí tượng; GNSS/RTK; data logger đồng bộ thời gian; mô hình định lượng Mass Balance / Inverse Dispersion; khí chuẩn.,DRAFT,NEED_VERIFY,INTERNAL,S0271/03/01_SERVICE_MASTER;02_DISCOVERY_TAGS;S0271/02/header,TRUE
S0272,Dịch vụ lập bản đồ carbon footprint,Mapping carbon footprints,Giám sát viễn thám & Phân tích dữ liệu AI (Data & AI Analytics / Remote Sensing Survey),D009,D009-04,"Lập bản đồ carbon footprint theo không gian bằng cách kết hợp dữ liệu UAV, activity data của khách hàng và emission factor trên nền GIS để hiển thị CO₂e theo khu vực và theo kỳ.","khu công nghiệp/nhà máy lớn; cơ sở thuộc diện kiểm kê GHG; doanh nghiệp ESG/Net Zero; bãi rác, xử lý nước thải, dầu khí có nguồn phát thải phân tán; nông-lâm nghiệp cần bản đồ sink/biomass; đô thị/campus/đơn vị quản lý nhiều tài sản. 
Ưu tiên B2B/B2G với diện tích đủ lớn để UAV tạo lợi thế so với khảo sát mặt đất.","Mục đích chính là trả lời “phát thải ở đâu, nguồn nào, khu vực nào cần ưu tiên”. GHG Protocol yêu cầu xác định nguồn phát thải, activity data và emission factors. Dịch vụ bổ sung lớp spatial evidence bằng cách khoanh vùng carbon hotspot; hợp nhất dữ liệu hiện trường với dữ liệu vận hành; theo dõi thay đổi giữa các kỳ; và tạo dữ liệu trực quan phục vụ ESG/Net Zero/MRV nội bộ.","1. baseline carbon map cho nhà máy/KCN; 
2. lập bản đồ nguồn phát thải tĩnh và tuyến vận tải nội bộ; 
3. theo dõi thay đổi sau dự án giảm phát thải; 
4. xác định vùng cây xanh/carbon sink; 
5. mapping biomass/carbon stock khi có multispectral/LiDAR + ground truth; 
6. methane/khí điểm nóng khi dùng sensor chuyên dụng; 
7. hỗ trợ MRV bằng spatial evidence; 
8. multi-site dashboard. Lưu ý: biomass/carbon stock không đồng nghĩa với corporate carbon footprint.","UAV RTK + RGB; GNSS/RTK/GCP; photogrammetry; GIS; carbon calculation engine; database/dashboard. Add-on theo KPI: multispectral, LiDAR, thermal, gas sensor CO₂/CH₄. AI/CV.",DRAFT,NEED_VERIFY,INTERNAL,S0272/03/01_SERVICE_MASTER;02_DISCOVERY_TAGS;S0272/02/header,TRUE
S0273,Đo nồng độ methane từ ruộng lúa,Measuring methane concentration from rice fields,Đo đạc và lập bản đồ phát thải methane ruộng lúa,D009,D009-04,"Kết hợp ảnh UAV đa phổ và RTK với phép đo CH₄ bằng buồng đo đóng và máy phân tích khí tại mặt đất để lập bản đồ nồng độ, ước tính thông lượng phát thải methane ruộng lúa theo không gian và thời gian phục vụ quản lý canh tác và MRV.",Nhà phát triển dự án carbon và tư vấn MRV; doanh nghiệp nông nghiệp/xuất khẩu lúa gạo; cơ quan quản lý/ban quản lý dự án; hợp tác xã nông nghiệp quy mô lớn,Thiếu dữ liệu phát thải theo thửa và mùa vụ; khó đánh giá AWD so với ngập liên tục; thiếu chứng cứ số hóa cho MRV; tốn công đo thủ công dày đặc,Lập bản đồ baseline; so sánh AWD và ngập liên tục; theo dõi biến động theo mùa vụ; tối ưu vị trí buồng đo; ước tính kg CH₄/ha/vụ; cung cấp dữ liệu hỗ trợ MRV,UAV đa phổ + RTK/GNSS; buồng đo đóng; máy phân tích CH₄ mặt đất; GIS; mô hình học máy,DRAFT,NEED_VERIFY,INTERNAL,S0273/03/01_SERVICE_MASTER;02_DISCOVERY_TAGS;S0273/02/header,TRUE
S0274,Theo dõi khí nhà kính (GHG) tại khu đô thị,Low-altitude UAV survey of urban greenhouse gas (GHG),Khảo sát và quan trắc môi trường; hỗ trợ kiểm kê GHG đô thị theo phạm vi dịch vụ.,D009,D009-04,"Dịch vụ dùng UAV bay thấp đo CO₂ và CH₄ tại khu đô thị, đồng bộ dữ liệu theo tọa độ–độ cao–thời gian và phân tích GIS để lập bản đồ phân bố, nhận diện khu vực nồng độ cao và hỗ trợ đối chiếu với inventory khi đủ dữ liệu.","Chính quyền đô thị/địa phương; cơ quan môi trường và khí tượng; ban quản lý khu đô thị/khu công nghiệp; đơn vị hạ tầng, năng lượng, chất thải; viện/trường và tổ chức nghiên cứu khí hậu.",Thiếu độ phủ không gian của quan trắc GHG đô thị; khó nhận diện khu vực nồng độ GHG cao; khó bổ sung/kiểm chứng inventory bằng quan trắc; khó đánh giá độ đại diện của mạng quan trắc; khó so sánh thay đổi theo chiến dịch.,Lập bản đồ CO₂/CH₄; khảo sát khu vực nồng độ cao (hotspot); đánh giá mạng quan trắc; bổ trợ và kiểm chứng inventory.,UAV bay thấp; hệ đo/lấy mẫu CO₂ và CH₄; GNSS/thời gian/độ cao; dữ liệu khí tượng; GIS và phân tích không gian; mô hình khí quyển khi thuộc scope.,DRAFT,NEED_VERIFY,INTERNAL,S0274/03/01_SERVICE_MASTER;02_DISCOVERY_TAGS;S0274/02/header,TRUE
S0282,Giám sát độ ẩm đô thị bằng UAV cảm biến môi trường phát hiện khu vực khô hạn có nguy cơ cháy cao trong khu đô thị,"Urban humidity monitoring using environmental UAVs identifies dry, fire-prone zones within urban environments","Dịch vụ theo dõi, viễn thám và phát hiện hỏa hoạn",D009,D009-06,"Dịch vụ sử dụng UAV tích hợp cảm biến môi trường (RGB, multispectral, thermal) để giám sát định kỳ độ ẩm bề mặt trong khu đô thị, qua đó xác định các khu vực khô hạn có nguy cơ cháy cao và cung cấp dữ liệu hỗ trợ cảnh báo sớm cho công tác phòng cháy chữa cháy.","Cơ quan/Công an PCCC; UBND xã/phường, chính quyền địa phương; Cơ quan quản lý đô thị","Khó giám sát độ ẩm theo không gian trong khu đô thị; khó phát hiện sớm các khu vực có điều kiện khô hạn làm gia tăng nguy cơ cháy; cung cấp dữ liệu độ ẩm theo khu vực để hỗ trợ lực lượng PCCC và đơn vị quản lý đô thị xác định các khu vực cần ưu tiên kiểm tra, giám sát và phòng ngừa cháy.","Giám sát định kỳ độ ẩm tại các khu vực đô thị; lập bản đồ phân bố độ ẩm để xác định khu vực khô hạn; xác định các khu vực cần ưu tiên kiểm tra, giám sát PCCC dựa trên dữ liệu độ ẩm kết hợp với các yếu tố nguy cơ cháy; giám sát lại các khu vực có nguy cơ để theo dõi sự thay đổi theo thời gian.",UAV/UAS (RTK/PPK khi cần); camera RGB; camera multispectral (NIR/Red-edge); camera thermal/TIR; cảm biến môi trường; cảm biến độ ẩm đất mặt; phần mềm photogrammetry/orthomosaic và GIS; mô hình ML.,DRAFT,NEED_VERIFY,INTERNAL,S0282/03/01_SERVICE_MASTER;02_DISCOVERY_TAGS;S0282/02/header,TRUE
S0283,Theo dõi sự thay đổi thảm thực vật,Monitoring vegetation change,Dịch vụ giám sát và phân tích dữ liệu UAV,D009,D009-06,"Khảo sát lặp bằng UAV RGB và đa phổ, kết hợp RTK/PPK và phân tích GIS để lập bản đồ, định lượng và khoanh vùng thay đổi thảm thực vật.",Chủ rừng/rừng trồng; ban quản lý khu bảo tồn; doanh nghiệp nông-lâm nghiệp; dự án phục hồi sinh thái/hoàn nguyên/carbon; chuyên viên GIS và môi trường,Thiếu dữ liệu chi tiết theo thời gian; khó định lượng khu vực biến động; phát hiện điểm nóng chậm; dữ liệu giữa các kỳ thiếu nhất quán; thiếu bằng chứng GIS có thể truy vết,Theo dõi rừng trồng và tái sinh; phát hiện mất/suy giảm tán; đánh giá phục hồi sau tác động; theo dõi hoàn nguyên và cây xanh; hỗ trợ hồ sơ carbon/MRV,UAV RGB và đa phổ; RTK/PPK; photogrammetry; GIS,DRAFT,VERIFIED,INTERNAL,S0283/03/01_SERVICE_MASTER;02_DISCOVERY_TAGS;S0283/02/header,TRUE
S0284,Đo độ ẩm tán rừng bằng cảm biến UAV,Measuring forest canopy humidity using UAV sensors,"Forestry Remote Sensing, Ecological Monitoring & Wildfire Risk Assessment",D009,D009-06,"Dịch vụ sử dụng thiết bị bay không người lái (UAV) tích hợp cảm biến quang học đa phổ và cảm biến nhiệt radiometric để thu thập dữ liệu phản xạ phổ và phát xạ nhiệt bề mặt tán cây, kết hợp mẫu kiểm chứng mặt đất nhằm ước tính hàm lượng ẩm của lá (FMC) và lập bản đồ phân vùng khô hạn, hỗ trợ quản lý sức khỏe rừng và phòng ngừa nguy cơ cháy rừng.","(1) Ban quản lý rừng đặc dụng / phòng hộ / sản xuất và chủ rừng;
(2) Đơn vị quản lý, giám sát phòng cháy chữa cháy rừng;
(3) Viện / trường / nhóm nghiên cứu lâm nghiệp, sinh thái, khí hậu;
(4) Đơn vị tư vấn quản lý rừng, đánh giá tài nguyên và rủi ro cháy;
(5) Dự án phục hồi rừng, thích ứng hạn và giám sát sức khỏe rừng.",Thiếu dữ liệu độ ẩm tán rừng diện rộng có độ phân giải cao; Khó phát hiện sớm hiện tượng stress nước và cây khô héo; Hạn chế của phương pháp sấy mẫu thủ công truyền thống; Thiếu dữ liệu số hóa phục vụ quản lý sức khỏe rừng và PCCC.,"(1) Lập bản đồ độ ẩm tán rừng (FMC) theo cây hoặc ô rừng;
(2) Theo dõi biến động stress nước theo mùa và chu kỳ hạn hán;
(3) Hỗ trợ đánh giá điều kiện nhiên liệu sống phục vụ phòng ngừa cháy rừng;
(4) Theo dõi phục hồi sau hạn hoặc đánh giá tác động biện pháp lâm sinh;
(5) Tạo dữ liệu độ phân giải cao kiểm chứng mô hình viễn thám quy mô lớn;
(6) Khoanh vùng các khu vực rừng có độ ẩm tán thấp phục vụ ưu tiên kiểm tra.","UAV/UAS RTK/PPK; Camera đa phổ Multispectral (NIR/Red-Edge/Red/Green); Camera nhiệt Radiometric Thermal (LWIR 8–14 $\mu$m); Tấm chuẩn phản xạ (Calibration Panel); Thiết bị sấy mẫu lá phòng lab; Phần mềm photogrammetry và GIS; Machine Learning (Random Forest, Mask R-CNN).",DRAFT,NEED_VERIFY,INTERNAL,S0284/03/01_SERVICE_MASTER;02_DISCOVERY_TAGS;S0284/02/header,TRUE
S0285-S0287,Đánh giá và lập bản đồ hấp thụ carbon trong sinh khối rừng,Forest Biomass Carbon Assessment and Mapping,"Dịch vụ kỹ thuật đo đạc, viễn thám và lập bản đồ số",D009,D009-06,"Dịch vụ dùng UAV mang LiDAR kết hợp camera RGB hoặc đa phổ và đo ô tiêu chuẩn mặt đất để ước tính sinh khối trên mặt đất theo phương trình allometric, tạo ra bản đồ trữ lượng các-bon rừng theo lô kèm bảng sai số.",Ban quản lý rừng phòng hộ và đặc dụng; Công ty lâm nghiệp; Chủ rừng là tổ chức quy mô lớn; Doanh nghiệp trồng rừng nguyên liệu; Đơn vị phát triển dự án các-bon; Quỹ Bảo vệ và Phát triển rừng cấp tỉnh; Doanh nghiệp có cam kết ESG/net-zero,Chưa lượng hóa được trữ lượng các-bon rừng; Điều tra thủ công tốn công và tỷ lệ rút mẫu thấp (0.01 - 0.1%); Không có phân bố không gian của trữ lượng theo lô; Nghĩa vụ pháp lý mới khi tham gia thị trường các-bon (Nghị định 180/2026/NĐ-CP),Lập bản đồ trữ lượng các-bon nền; Sàng lọc tiềm năng các-bon vùng rừng; Giám sát biến động sinh khối theo chu kỳ; Cung cấp dữ liệu đầu vào cho đơn vị lập báo cáo MRV; Hỗ trợ định giá rừng và quy hoạch lâm sinh,UAV mang LiDAR; Camera RGB/đa phổ; GNSS RTK/PPK; GIS; Mô hình học máy hồi quy AGB,DRAFT,VERIFIED,INTERNAL,S0285-S0287/03/01_SERVICE_MASTER;02_DISCOVERY_TAGS;S0285-S0287/02/header,TRUE
S0286,Báo cáo MRV cho dự án tín chỉ carbon,MRV report for carbon credit project,MRV Reporting & Verification Support,D009,D009-06,"Báo cáo MRV cho dự án tín chỉ carbon sử dụng UAV kết hợp đo mặt đất và phương pháp luận đã được chương trình tín chỉ công nhận để định lượng phát thải kỳ đường cơ sở và kỳ dự án, tạo ra bộ hồ sơ MRV sẵn sàng nộp cho đơn vị thẩm định độc lập.","Chủ dự án tín chỉ các-bon; đơn vị phát triển dự án; cơ sở thuộc danh mục phải kiểm kê khí nhà kính; chủ rừng và công ty lâm nghiệp; doanh nghiệp và hợp tác xã vùng lúa; đơn vị vận hành bãi chôn lấp; doanh nghiệp nhiệt điện, xi măng, sắt thép; quỹ và nhà đầu tư mua tín chỉ",Chưa chọn được phương pháp luận phù hợp; thiếu dữ liệu định lượng kỳ đường cơ sở; số liệu giám sát rời rạc và không truy vết được; hồ sơ bị đơn vị thẩm định trả lại nhiều vòng; nghĩa vụ báo cáo trong nước có mốc thời gian cố định,Lập hồ sơ định lượng kỳ đường cơ sở; lập báo cáo giám sát cho kỳ tín chỉ; lập báo cáo giảm nhẹ phát thải cấp cơ sở; chuẩn bị hồ sơ và giải trình phục vụ thẩm định độc lập; rà soát báo cáo MRV do bên khác lập,UAV LiDAR; UAV đa phổ và RGB; UAV mang cảm biến khí; buồng kín và máy phân tích khí đặt tại mặt đất; GNSS RTK/PPK; GIS; Machine Learning; nền tảng quản lý dữ liệu MRV,DRAFT,NEED_VERIFY,INTERNAL,S0286/03/01_SERVICE_MASTER;02_DISCOVERY_TAGS;S0286/02/header,TRUE
S0288,Kiểm tra công trình cũ bằng UAV LiDAR đánh giá kết cấu xuống cấp để phát hiện nguy cơ cháy do lão hóa vật liệu,Structural inspection using LiDAR UAVs scans aging buildings to identify fire hazards caused by material deterioration,"Dịch vụ theo dõi, viễn thám và phát hiện hỏa hoạn",D009,D009-06,Kiểm tra công trình cũ bằng UAV LiDAR đánh giá kết cấu xuống cấp để phát hiện nguy cơ cháy do lão hóa vật liệu.,"Nhà máy/nhà xưởng và doanh nghiệp quản lý các công trình công nghiệp cũ, doanh nghiệp quản lý tòa nhà, chung cư cũ, kho bãi hóa chất.","Phát hiện sớm các dấu hiệu xuống cấp; Giảm phụ thuộc vào kiểm tra thủ công tại các vị trí khó tiếp cận, vốn có thể tốn thời gian, chi phí và tiềm ẩn rủi ro cho người kiểm tra.","Kiểm tra định kỳ công trình cũ; khảo sát các khu vực cao, khó tiếp cận;
Phát hiện và lập bản đồ các dấu hiệu xuống cấp như nứt, biến dạng, hư hỏng bề mặt;",UAV LiDAR,DRAFT,NEED_VERIFY,INTERNAL,S0288/03/01_SERVICE_MASTER;02_DISCOVERY_TAGS;S0288/02/header,TRUE
