service_code,data_code,required,provided_by,description,verification_status,source_ref
S0269,AOI_BOUNDARY,TRUE,CUSTOMER,Khu vực nghiên cứu và phạm vi bay,VERIFIED,S0269/03/D005
S0269,SURFACE_TYPE_LIST,TRUE,CUSTOMER,loại bề mặt cần đánh giá,VERIFIED,S0269/03/D005
S0269,UAV_IMAGERY,TRUE,GASCOLAE,dữ liệu phản xạ và bức xạ thu từ UAV,VERIFIED,S0269/03/D005
S0269,INCIDENT_RADIATION,TRUE,GASCOLAE,dữ liệu bức xạ mặt trời chiếu xuống tại thời điểm khảo sát,VERIFIED,S0269/03/D005
S0269,CALIBRATION_DATA,TRUE,GASCOLAE,dữ liệu hiệu chuẩn từ tấm chuẩn phản xạ,VERIFIED,S0269/03/D005
S0269,FLIGHT_METADATA,TRUE,GASCOLAE,"điều kiện quan sát gồm thời gian, chiếu sáng và tư thế cảm biến",VERIFIED,S0269/03/D005
S0269,REFERENCE_VALIDATION_DATA,FALSE,THIRD_PARTY,dữ liệu đo bức xạ mặt đất hoặc dữ liệu vệ tinh làm tham chiếu khi cần kiểm định,VERIFIED,S0269/03/D005
S0270,AOI_BOUNDARY,TRUE,CUSTOMER,Ranh giới KML/CAD,VERIFIED,S0270/03/D005
S0270,SOIL_INSITU_DATA,TRUE,GASCOLAE,Số liệu đo VWC/EC/nhiệt độ đất in-situ,VERIFIED,S0270/03/D005
S0270,UAV_IMAGERY,TRUE,GASCOLAE,"Ảnh UAV (RGB, Multispectral Red/NIR/Red-edge, Thermal TIR)",VERIFIED,S0270/03/D005
S0270,WEATHER_DATA,TRUE,THIRD_PARTY,"Dữ liệu thời tiết (Mưa, nhiệt độ, độ ẩm không khí, bức xạ, gió)",VERIFIED,S0270/03/D005
S0270,SATELLITE_HISTORY,TRUE,THIRD_PARTY,Dữ liệu viễn thám vệ tinh & lịch sử khí hậu,VERIFIED,S0270/03/D005
S0271,AOI_BOUNDARY,TRUE,CUSTOMER,Ranh giới bãi và mô hình số độ cao (DEM),VERIFIED,S0271/03/D005
S0271,DEM,TRUE,CUSTOMER,Ranh giới bãi và mô hình số độ cao (DEM),VERIFIED,S0271/03/D005
S0271,LFG_SYSTEM_LAYOUT,TRUE,CUSTOMER,"Sơ đồ mạng lưới giếng thu khí, đường ống gom và trạm flare",VERIFIED,S0271/03/D005
S0271,OPERATION_HISTORY,TRUE,CUSTOMER,Lịch sử vận hành và mốc thời gian can thiệp kỹ thuật,VERIFIED,S0271/03/D005
S0271,LFG_METER_DATA,FALSE,CUSTOMER,Dữ liệu đồng hồ đo khí thu hồi/đốt flare nếu có,VERIFIED,S0271/03/D005
S0271,WEATHER_DATA,TRUE,THIRD_PARTY,Dữ liệu thời tiết và vector gió liên tục,VERIFIED,S0271/03/D005
S0271,CALIBRATION_DATA,TRUE,GASCOLAE,Hồ sơ hiệu chuẩn cảm biến bằng khí chuẩn,VERIFIED,S0271/03/D005
S0271,FLIGHT_PERMIT,TRUE,AUTHORITY,Giấy phép bay hợp lệ theo NĐ 288/2025/NĐ-CP,VERIFIED,S0271/03/D005
S0272,AOI_BOUNDARY,TRUE,CUSTOMER,Từ khách hàng: ranh giới site,VERIFIED,S0272/03/D005
S0272,SITE_ASSET_LAYOUT,TRUE,CUSTOMER,Từ khách hàng: layout/tài sản,VERIFIED,S0272/03/D005
S0272,ACTIVITY_DATA,TRUE,CUSTOMER,"Từ khách hàng: điện/nhiên liệu, sản lượng, phương tiện, chất thải, refrigerant, dữ liệu Scope 1/2/3 liên quan",VERIFIED,S0272/03/D005
S0272,EMISSION_FACTORS,TRUE,CUSTOMER,Từ khách hàng: emission factors được chấp nhận,VERIFIED,S0272/03/D005
S0272,SCOPE_OBJECTIVE,TRUE,CUSTOMER,Từ khách hàng: kỳ báo cáo,VERIFIED,S0272/03/D005
S0272,UAV_IMAGERY,TRUE,GASCOLAE,Từ UAV: ảnh RGB geotag/RTK,VERIFIED,S0272/03/D005
S0272,UAV_OPTIONAL_SENSORS,FALSE,GASCOLAE,optional multispectral/LiDAR/thermal/gas,VERIFIED,S0272/03/D005
S0272,GROUND_CONTROL,TRUE,GASCOLAE,Ground truth: GCP/check point,VERIFIED,S0272/03/D005
S0272,FOREST_PLOT_DATA,FALSE,CUSTOMER,Ground truth: plot đo rừng nếu ước tính biomass,VERIFIED,S0272/03/D005
S0272,EMISSION_SOURCE_LIST,TRUE,CUSTOMER,Ground truth: tọa độ nguồn phát thải,VERIFIED,S0272/03/D005
S0272,FLIGHT_METADATA,TRUE,GASCOLAE,"Metadata: thời gian bay, thời tiết, CRS, flight log, calibration",VERIFIED,S0272/03/D005
S0273,AOI_BOUNDARY,TRUE,CUSTOMER,Ranh giới và tọa độ ruộng,VERIFIED,S0273/03/D005
S0273,CROP_CALENDAR,TRUE,CUSTOMER,lịch mùa vụ/giống,VERIFIED,S0273/03/D005
S0273,WATER_REGIME,TRUE,CUSTOMER,chế độ nước và sự kiện AWD | thông tin thời tiết và mực nước,VERIFIED,S0273/03/D005
S0273,UAV_IMAGERY,TRUE,GASCOLAE,ảnh UAV đa phổ/RGB và dữ liệu RTK,VERIFIED,S0273/03/D005
S0273,GROUND_CONTROL,TRUE,GASCOLAE,ảnh UAV đa phổ/RGB và dữ liệu RTK,VERIFIED,S0273/03/D005
S0273,CHAMBER_CH4_SERIES,TRUE,GASCOLAE,"chuỗi nồng độ CH₄ tại buồng đo kèm kích thước buồng, thời gian, nhiệt độ/áp suất",VERIFIED,S0273/03/D005
S0273,WEATHER_DATA,TRUE,THIRD_PARTY,thông tin thời tiết và mực nước,VERIFIED,S0273/03/D005
S0274,AOI_BOUNDARY,TRUE,CUSTOMER,Ranh giới và mục tiêu khảo sát,VERIFIED,S0274/03/D005
S0274,SCOPE_OBJECTIVE,TRUE,CUSTOMER,Ranh giới và mục tiêu khảo sát,VERIFIED,S0274/03/D005
S0274,EMISSION_SOURCE_LIST,TRUE,CUSTOMER,danh sách khu vực/nguồn nghi ngờ,VERIFIED,S0274/03/D005
S0274,FLIGHT_PLAN,TRUE,GASCOLAE,kế hoạch bay,VERIFIED,S0274/03/D005
S0274,WEATHER_DATA,TRUE,THIRD_PARTY,dữ liệu khí tượng,VERIFIED,S0274/03/D005
S0274,BASELINE_DATA,TRUE,CUSTOMER,dữ liệu nền/baseline,VERIFIED,S0274/03/D005
S0274,BASEMAP_GIS,TRUE,CUSTOMER,bản đồ hạ tầng và land-use,VERIFIED,S0274/03/D005
S0274,ACTIVITY_DATA,FALSE,CUSTOMER,activity data/inventory khi phạm vi yêu cầu,VERIFIED,S0274/03/D005
S0274,GHG_INVENTORY,FALSE,CUSTOMER,activity data/inventory khi phạm vi yêu cầu,VERIFIED,S0274/03/D005
S0282,AOI_BOUNDARY,TRUE,CUSTOMER,Ranh giới/khu vực khảo sát,VERIFIED,S0282/03/D005
S0282,SCOPE_OBJECTIVE,TRUE,CUSTOMER,mục tiêu và lịch khảo sát,VERIFIED,S0282/03/D005
S0282,UAV_IMAGERY,TRUE,GASCOLAE,dữ liệu UAV RGB/multispectral/thermal,VERIFIED,S0282/03/D005
S0282,ENV_SENSOR_DATA,TRUE,GASCOLAE,dữ liệu cảm biến môi trường,VERIFIED,S0282/03/D005
S0282,GROUND_TRUTH,TRUE,GASCOLAE,điểm đo ground-truth độ ẩm đất/nhiên liệu và nhiệt độ,VERIFIED,S0282/03/D005
S0282,GROUND_CONTROL,FALSE,GASCOLAE,GCP/RTK khi cần,VERIFIED,S0282/03/D005
S0282,BASEMAP_GIS,TRUE,CUSTOMER,"dữ liệu GIS nền (đường, công trình, cây xanh)",VERIFIED,S0282/03/D005
S0282,WEATHER_DATA,TRUE,THIRD_PARTY,thời tiết và gió,VERIFIED,S0282/03/D005
S0282,FIRE_SENSITIVE_POI,TRUE,CUSTOMER,thông tin các điểm/đối tượng nhạy cảm cháy,VERIFIED,S0282/03/D005
S0283,AOI_BOUNDARY,TRUE,CUSTOMER,AOI/ranh giới,VERIFIED,S0283/03/D005
S0283,MULTI_PERIOD_IMAGERY,TRUE,CUSTOMER,baseline và ảnh các kỳ,VERIFIED,S0283/03/D005
S0283,FLIGHT_METADATA,TRUE,GASCOLAE,thông số bay/cảm biến,VERIFIED,S0283/03/D005
S0283,GROUND_CONTROL,TRUE,GASCOLAE,RTK/PPK hoặc GCP/checkpoint,VERIFIED,S0283/03/D005
S0283,CALIBRATION_DATA,TRUE,GASCOLAE,tấm phản xạ,VERIFIED,S0283/03/D005
S0283,WEATHER_DATA,TRUE,THIRD_PARTY,thời tiết/ánh sáng,VERIFIED,S0283/03/D005
S0283,OPERATION_HISTORY,TRUE,CUSTOMER,lịch tác động,VERIFIED,S0283/03/D005
S0283,GROUND_TRUTH,TRUE,GASCOLAE,ground truth,VERIFIED,S0283/03/D005
S0283,CRS_SPEC,TRUE,CUSTOMER,hệ tọa độ,VERIFIED,S0283/03/D005
S0284,AOI_BOUNDARY,TRUE,CUSTOMER,Ranh giới tiểu khu/khoảnh rừng khảo sát (KML/Shapefile),VERIFIED,S0284/03/D005
S0284,SCOPE_OBJECTIVE,TRUE,CUSTOMER,mục tiêu và lịch khảo sát,VERIFIED,S0284/03/D005
S0284,FLIGHT_PERMIT,TRUE,AUTHORITY,giấy phép bay Cục Tác chiến,VERIFIED,S0284/03/D005
S0284,UAV_IMAGERY,TRUE,GASCOLAE,dữ liệu ảnh UAV đa phổ & nhiệt thô,VERIFIED,S0284/03/D005
S0284,CALIBRATION_DATA,TRUE,GASCOLAE,ảnh calibration panel,VERIFIED,S0284/03/D005
S0284,LEAF_SAMPLES,TRUE,GASCOLAE,tập mẫu lá ground-truth (khối lượng tươi/khô),VERIFIED,S0284/03/D005
S0284,WEATHER_DATA,TRUE,THIRD_PARTY,dữ liệu khí tượng/nắng gió tại thời điểm bay,VERIFIED,S0284/03/D005
S0284,BASEMAP_GIS,TRUE,CUSTOMER,"lớp GIS lâm nghiệp nền (đường băng cản lửa, nguồn nước, khoảnh rừng)",VERIFIED,S0284/03/D005
S0285-S0287,AOI_BOUNDARY,TRUE,CUSTOMER,Ranh giới lô/tiểu khu dạng số,VERIFIED,S0285-S0287/03/D005
S0285-S0287,FOREST_STATUS_RECORDS,TRUE,CUSTOMER,"Hồ sơ hiện trạng rừng (trạng thái, loài ưu thế)",VERIFIED,S0285-S0287/03/D005
S0285-S0287,FOREST_PLOT_DATA,TRUE,CUSTOMER,"Dữ liệu đo đạc ô tiêu chuẩn mặt đất (D1.3, Hvn)",VERIFIED,S0285-S0287/03/D005
S0285-S0287,FOREST_INVENTORY_PREVIOUS,TRUE,CUSTOMER,Kết quả kiểm kê rừng kỳ trước,VERIFIED,S0285-S0287/03/D005
S0285-S0287,OWNER_CONSENT,TRUE,CUSTOMER,Sự đồng ý của chủ rừng và cấp phép bay,VERIFIED,S0285-S0287/03/D005
S0285-S0287,FLIGHT_PERMIT,TRUE,AUTHORITY,Sự đồng ý của chủ rừng và cấp phép bay,VERIFIED,S0285-S0287/03/D005
S0286,AOI_BOUNDARY,TRUE,CUSTOMER,Ranh giới dự án dạng số,VERIFIED,S0286/03/D005
S0286,PROJECT_DESIGN_METHODOLOGY,TRUE,CUSTOMER,tài liệu thiết kế dự án và phương pháp luận đã chọn,VERIFIED,S0286/03/D005
S0286,BASELINE_ACTIVITY_DATA,TRUE,CUSTOMER,dữ liệu hoạt động kỳ đường cơ sở,VERIFIED,S0286/03/D005
S0286,FOREST_PLOT_DATA,TRUE,CUSTOMER,dữ liệu ô mẫu và điểm đo mặt đất,VERIFIED,S0286/03/D005
S0286,EMISSION_FACTORS,TRUE,CUSTOMER,hệ số phát thải địa phương,VERIFIED,S0286/03/D005
S0286,FLIGHT_PERMIT,TRUE,AUTHORITY,giấy phép bay,VERIFIED,S0286/03/D005
S0286,GHG_INVENTORY,TRUE,CUSTOMER,báo cáo kiểm kê khí nhà kính kỳ gần nhất,VERIFIED,S0286/03/D005
S0288,AS_BUILT_DRAWINGS,TRUE,CUSTOMER,Hồ sơ hoàn công và bản vẽ kiến trúc – kết cấu,VERIFIED,S0288/03/D005
S0288,CONSTRUCTION_HISTORY,TRUE,CUSTOMER,Thông tin về xây dựng và lịch sử cải tạo,VERIFIED,S0288/03/D005
S0288,MAINTENANCE_RECORDS,TRUE,CUSTOMER,"Hồ sơ bảo trì, biên bản kiểm định và báo cáo đánh giá an toàn các kỳ trước",VERIFIED,S0288/03/D005
S0288,AOI_BOUNDARY,TRUE,CUSTOMER,Ranh giới khu vực bay và thông tin vật cản,VERIFIED,S0288/03/D005
S0288,OBSTACLE_INFO,TRUE,CUSTOMER,Ranh giới khu vực bay và thông tin vật cản,VERIFIED,S0288/03/D005
S0288,GROUND_CONTROL,TRUE,GASCOLAE,Điểm khống chế trắc địa,VERIFIED,S0288/03/D005
S0288,FLIGHT_PERMIT,TRUE,AUTHORITY,Giấy phép bay và văn bản đồng ý của chủ sở hữu,VERIFIED,S0288/03/D005
S0288,OWNER_CONSENT,TRUE,CUSTOMER,Giấy phép bay và văn bản đồng ý của chủ sở hữu,VERIFIED,S0288/03/D005
