deliverable_code,data_code
S0269-D01,ALBEDO_VALUES
S0269-D02,ALBEDO_MAP
S0269-D03,ACCURACY_DATA
S0269-D04,TECHNICAL_REPORT
S0269-D05,METADATA_PACKAGE
S0269-D06,REFLECTANCE_DATA
S0270-D01,ORTHOMOSAIC
S0270-D01,SURFACE_TEMPERATURE_MAP
S0270-D02,SOIL_MOISTURE_MAP
S0270-D03,DROUGHT_ZONE_MAP
S0270-D04,DROUGHT_FORECAST
S0270-D05,TECHNICAL_REPORT
S0270-D06,DASHBOARD
S0271-D01,GAS_CONCENTRATION_MAP
S0271-D02,EMISSION_HOTSPOTS
S0271-D03,GAS_FLOW_DIAGRAM
S0271-D04,QAQC_REPORT
S0271-D05,EMISSION_FLUX
S0271-D06,EMISSION_REDUCTION_RESULT
S0271-D07,LFG_COLLECTION_EFFICIENCY
S0271-D08,GIS_LAYER
S0271-D09,VERIFICATION_EVIDENCE
S0272-D01,EMISSION_SOURCE_LIST
S0272-D02,ORTHOMOSAIC
S0272-D03,EMISSION_SOURCE_MAP
S0272-D04,EMISSION_HOTSPOTS
S0272-D05,CO2E_TABLE
S0272-D06,GIS_LAYER
S0272-D07,TECHNICAL_REPORT
S0272-D08,CHANGE_MAP
S0272-D09,DASHBOARD
S0272-D10,CARBON_SINK_LAYER
S0273-D01,ORTHOMOSAIC
S0273-D02,VEGETATION_INDEX_MAP
S0273-D03,CH4_POINT_FLUX_TABLE
S0273-D04,GAS_CONCENTRATION_MAP
S0273-D05,SEASONAL_CH4_EMISSION
S0273-D06,INTERVENTION_COMPARISON
S0273-D07,VERIFICATION_EVIDENCE
S0273-D07,DASHBOARD
S0274-D01,MEASUREMENT_DATA_QC
S0274-D02,GAS_CONCENTRATION_MAP
S0274-D02,GIS_LAYER
S0274-D03,EMISSION_HOTSPOTS
S0274-D03,STATISTICS_TABLE
S0274-D04,MONITORING_NETWORK_ASSESSMENT
S0274-D05,TECHNICAL_REPORT
S0274-D06,CO2E_TABLE
S0282-D01,ORTHOMOSAIC
S0282-D01,ELEVATION_MODEL
S0282-D02,SURFACE_TEMPERATURE_MAP
S0282-D03,SOIL_MOISTURE_MAP
S0282-D04,DROUGHT_ZONE_MAP
S0282-D05,FIRE_RISK_MAP
S0282-D06,GIS_LAYER
S0282-D07,PRIORITY_INSPECTION_LIST
S0282-D08,TECHNICAL_REPORT
S0282-D09,CHANGE_MAP
S0283-D01,ORTHOMOSAIC
S0283-D02,VEGETATION_INDEX_MAP
S0283-D03,CHANGE_MAP
S0283-D04,STATISTICS_TABLE
S0283-D05,PRIORITY_INSPECTION_LIST
S0283-D06,TECHNICAL_REPORT
S0283-D06,QAQC_REPORT
S0283-D07,DASHBOARD
S0284-D01,ORTHOMOSAIC
S0284-D02,CANOPY_MOISTURE_MAP
S0284-D03,TREE_LAYER
S0284-D04,SURFACE_TEMPERATURE_MAP
S0284-D05,STATISTICS_TABLE
S0284-D06,TECHNICAL_REPORT
S0284-D07,METADATA_PACKAGE
S0284-D08,PRIORITY_INSPECTION_LIST
S0285-S0287-D01,POINT_CLOUD
S0285-S0287-D02,ELEVATION_MODEL
S0285-S0287-D03,TREE_LAYER
S0285-S0287-D04,AGB_CARBON_STOCK_MAP
S0285-S0287-D05,TECHNICAL_REPORT
S0285-S0287-D06,CHANGE_MAP
S0285-S0287-D07,GIS_LAYER
S0285-S0287-D07,DASHBOARD
S0286-D01,MRV_REPORT
S0286-D02,MONITORING_PLAN
S0286-D03,QUANTIFICATION_WORKBOOK
S0286-D04,GIS_LAYER
S0286-D05,QAQC_REPORT
S0286-D06,VERIFICATION_RESPONSE
S0288-D01,POINT_CLOUD
S0288-D02,ORTHOMOSAIC
S0288-D02,SURFACE_TEMPERATURE_MAP
S0288-D03,DEFECT_TABLE
S0288-D04,CONDITION_REPORT
S0288-D05,BIM_MODEL
